{"Results": {"WebServiceOutput0": [{"DiabetesPrediction": 1.0, "Probability": 0.7162970406564702}, {"DiabetesPrediction": 1.0, "Probability": 0.856560585031955}, {"DiabetesPrediction": 1.0, "Probability": 0.8471392934700931}]}}'